Age,Male,Female,Year
0,685600,633900,2014
1,639500,596400,2014
2,618200,577500,2014
3,608000,567900,2014
4,600600,561000,2014
5,591500,560200,2014
6,576600,549100,2014
7,562100,538700,2014
8,548600,529300,2014
9,535900,521000,2014
10,523200,512900,2014
11,509200,503600,2014
12,492400,491500,2014
13,472000,475500,2014
14,448900,457000,2014
15,425000,436900,2014
16,401900,417800,2014
17,379600,401400,2014
18,358700,389000,2014
19,339200,379500,2014
20,319900,371100,2014
21,301100,361500,2014
22,284500,349400,2014
23,270400,334000,2014
24,258500,316100,2014
25,247700,297700,2014
26,237200,280400,2014
27,227000,264700,2014
28,216900,251200,2014
29,206800,239500,2014
30,197300,228500,2014
31,188600,217600,2014
32,180200,206900,2014
33,172000,196500,2014
34,164100,186500,2014
35,156300,176700,2014
36,149000,167500,2014
37,142900,159500,2014
38,138300,152900,2014
39,134700,147300,2014
40,131900,142600,2014
41,128800,137900,2014
42,124300,131900,2014
43,117800,123800,2014
44,109900,114500,2014
45,101400,104400,2014
46,93700,95400,2014
47,87700,89500,2014
48,84000,87700,2014
49,82100,88700,2014
50,81000,91400,2014
51,79300,92900,2014
52,75900,91100,2014
53,70000,84300,2014
54,62400,74200,2014
55,54300,62800,2014
56,47200,53100,2014
57,42100,46600,2014
58,39900,44800,2014
59,39800,46400,2014
60,40600,49300,2014
61,40800,51100,2014
62,40100,51100,2014
63,37900,48200,2014
64,34600,43400,2014
65,31100,38000,2014
66,28200,33500,2014
67,26100,30700,2014
68,25000,30300,2014
69,24800,31500,2014
70,25000,33600,2014
71,25000,35100,2014
72,24100,34600,2014
73,22000,31100,2014
74,19000,25800,2014
75,17900,24200,2014
76,15500,19800,2014
77,13300,15500,2014
78,11500,11900,2014
79,10300,9400,2014
80+,104100,155800,2014
0,693400,675700,2015
1,673400,623200,2015
2,633800,590700,2015
3,614600,574000,2015
4,605100,565200,2015
5,598300,558900,2015
6,589600,558500,2015
7,574900,547600,2015
8,560700,537300,2015
9,547300,528200,2015
10,534800,520000,2015
11,522200,512000,2015
12,508300,502800,2015
13,491600,490600,2015
14,471100,474700,2015
15,447800,456000,2015
16,424000,436000,2015
17,400800,416900,2015
18,378500,400500,2015
19,357600,388100,2015
20,338000,378500,2015
21,318700,370100,2015
22,299900,360400,2015
23,283300,348300,2015
24,269300,332800,2015
25,257300,314900,2015
26,246500,296400,2015
27,236000,279200,2015
28,225800,263400,2015
29,215600,249900,2015
30,205600,238200,2015
31,196100,227300,2015
32,187400,216300,2015
33,178900,205700,2015
34,170700,195300,2015
35,162700,185100,2015
36,155000,175400,2015
37,147700,166200,2015
38,141600,158200,2015
39,136900,151600,2015
40,133300,146000,2015
41,130500,141400,2015
42,127400,136700,2015
43,122900,130700,2015
44,116500,122700,2015
45,108700,113500,2015
46,100200,103400,2015
47,92500,94500,2015
48,86500,88600,2015
49,82900,86800,2015
50,80900,87700,2015
51,79800,90400,2015
52,78000,91800,2015
53,74700,90000,2015
54,68900,83300,2015
55,61400,73300,2015
56,53400,62000,2015
57,46400,52400,2015
58,41300,46000,2015
59,39200,44200,2015
60,39000,45700,2015
61,39700,48400,2015
62,39900,50200,2015
63,39100,50100,2015
64,36900,47200,2015
65,33700,42400,2015
66,30200,37000,2015
67,27300,32600,2015
68,25100,29800,2015
69,24100,29300,2015
70,23700,30300,2015
71,23900,32300,2015
72,23800,33600,2015
73,22800,32900,2015
74,20700,29500,2015
75,17800,24400,2015
76,16600,22700,2015
77,14400,18400,2015
78,12200,14300,2015
79,10500,10900,2015
80+,96400,140600,2015
0,707800,689700,2016
1,681600,664700,2016
2,668200,617900,2016
3,630200,587200,2016
4,611800,571400,2016
5,602800,563100,2016
6,596400,557200,2016
7,587900,557000,2016
8,573400,546300,2016
9,559400,536200,2016
10,546200,527200,2016
11,533800,519100,2016
12,521400,511100,2016
13,507500,501900,2016
14,490700,489800,2016
15,470000,473700,2016
16,446700,455200,2016
17,422900,435100,2016
18,399700,416000,2016
19,377300,399600,2016
20,356400,387200,2016
21,336800,377500,2016
22,317500,369000,2016
23,298700,359300,2016
24,282100,347200,2016
25,268100,331700,2016
26,256100,313800,2016
27,245300,295300,2016
28,234900,278000,2016
29,224700,262300,2016
30,214500,248800,2016
31,204400,237200,2016
32,194900,226200,2016
33,186200,215300,2016
34,177800,204700,2016
35,169500,194300,2016
36,161500,184100,2016
37,153700,174400,2016
38,146500,165300,2016
39,140400,157300,2016
40,135700,150700,2016
41,132100,145000,2016
42,129200,140400,2016
43,126100,135700,2016
44,121700,129800,2016
45,115300,121800,2016
46,107600,112600,2016
47,99100,102600,2016
48,91400,93700,2016
49,85400,87800,2016
50,81800,86000,2016
51,79800,86900,2016
52,78600,89500,2016
53,76900,90900,2016
54,73600,89000,2016
55,67800,82400,2016
56,60500,72500,2016
57,52500,61300,2016
58,45600,51700,2016
59,40600,45400,2016
60,38400,43500,2016
61,38200,45000,2016
62,38800,47600,2016
63,38900,49200,2016
64,38100,49100,2016
65,35900,46200,2016
66,32700,41400,2016
67,29200,36100,2016
68,26400,31700,2016
69,24200,28900,2016
70,23100,28300,2016
71,22700,29200,2016
72,22700,30900,2016
73,22500,32000,2016
74,21500,31200,2016
75,19400,27900,2016
76,16600,22900,2016
77,15400,21200,2016
78,13200,17000,2016
79,11100,13100,2016
80+,90900,129400,2016
0,722100,703800,2017
1,696100,678800,2017
2,676400,659300,2017
3,664600,614500,2017
4,627500,584700,2017
5,609600,569400,2017
6,601000,561500,2017
7,594800,555800,2017
8,586400,555700,2017
9,572100,545200,2017
10,558300,535200,2017
11,545300,526300,2017
12,533000,518200,2017
13,520500,510300,2017
14,506600,501100,2017
15,489600,488900,2017
16,468900,472800,2017
17,445700,454300,2017
18,421700,434200,2017
19,398500,415100,2017
20,376100,398600,2017
21,355100,386200,2017
22,335500,376500,2017
23,316200,368000,2017
24,297500,358200,2017
25,281000,346200,2017
26,267000,330600,2017
27,255000,312700,2017
28,244200,294300,2017
29,233800,277000,2017
30,223600,261300,2017
31,213400,247900,2017
32,203300,236200,2017
33,193800,225200,2017
34,185100,214300,2017
35,176600,203700,2017
36,168400,193300,2017
37,160400,183200,2017
38,152600,173500,2017
39,145400,164400,2017
40,139300,156400,2017
41,134600,149800,2017
42,131000,144100,2017
43,128100,139500,2017
44,125000,134900,2017
45,120600,128900,2017
46,114200,121000,2017
47,106500,111800,2017
48,98100,101800,2017
49,90400,93000,2017
50,84500,87100,2017
51,80800,85200,2017
52,78700,86100,2017
53,77600,88600,2017
54,75900,90000,2017
55,72600,88100,2017
56,66900,81500,2017
57,59600,71700,2017
58,51700,60600,2017
59,44800,51100,2017
60,39900,44700,2017
61,37700,42900,2017
62,37400,44200,2017
63,38000,46800,2017
64,38000,48300,2017
65,37100,48000,2017
66,34900,45100,2017
67,31700,40400,2017
68,28300,35100,2017
69,25400,30700,2017
70,23300,27900,2017
71,22100,27200,2017
72,21600,28000,2017
73,21600,29500,2017
74,21200,30400,2017
75,20200,29500,2017
76,18100,26200,2017
77,15400,21300,2017
78,14100,19600,2017
79,12000,15600,2017
80+,86300,122000,2017
0,736300,717600,2018
1,710700,693100,2018
2,691000,673500,2018
3,672900,655800,2018
4,661900,612100,2018
5,625400,582800,2018
6,607900,567900,2018
7,599400,560200,2018
8,593300,554600,2018
9,585200,554600,2018
10,571100,544200,2018
11,557400,534300,2018
12,544400,525400,2018
13,532100,517400,2018
14,519600,509500,2018
15,505600,500200,2018
16,488600,488000,2018
17,467800,471900,2018
18,444500,453400,2018
19,420500,433300,2018
20,397300,414200,2018
21,374800,397700,2018
22,353900,385200,2018
23,334300,375500,2018
24,315000,366900,2018
25,296400,357200,2018
26,279900,345100,2018
27,265900,329600,2018
28,254000,311700,2018
29,243200,293200,2018
30,232700,276000,2018
31,222600,260300,2018
32,212400,246900,2018
33,202300,235300,2018
34,192900,224300,2018
35,184100,213400,2018
36,175600,202800,2018
37,167400,192500,2018
38,159400,182400,2018
39,151700,172600,2018
40,144400,163500,2018
41,138300,155600,2018
42,133700,148900,2018
43,130000,143300,2018
44,127200,138700,2018
45,124100,134000,2018
46,119700,128100,2018
47,113300,120200,2018
48,105600,111100,2018
49,97100,101100,2018
50,89500,92300,2018
51,83500,86400,2018
52,79900,84500,2018
53,77800,85300,2018
54,76600,87800,2018
55,74900,89100,2018
56,71600,87200,2018
57,65900,80600,2018
58,58700,70800,2018
59,50900,59800,2018
60,44100,50400,2018
61,39100,44100,2018
62,36900,42200,2018
63,36600,43500,2018
64,37100,45900,2018
65,37000,47300,2018
66,36100,46900,2018
67,33800,44000,2018
68,30600,39200,2018
69,27200,34000,2018
70,24400,29700,2018
71,22300,26800,2018
72,21100,26100,2018
73,20500,26700,2018
74,20400,28000,2018
75,19900,28700,2018
76,18800,27700,2018
77,16700,24400,2018
78,14100,19800,2018
79,12900,18000,2018
80+,83100,117900,2018
0,750100,731100,2019
1,725100,707100,2019
2,705700,687900,2019
3,687600,670100,2019
4,670300,653300,2019
5,659800,610200,2019
6,623600,581300,2019
7,606300,566600,2019
8,598000,559000,2019
9,592100,553500,2019
10,584100,553700,2019
11,570200,543400,2019
12,556500,533500,2019
13,543600,524700,2019
14,531300,516600,2019
15,518600,508600,2019
16,504500,499400,2019
17,487500,487100,2019
18,466600,471000,2019
19,443300,452500,2019
20,419200,432400,2019
21,396000,413200,2019
22,373500,396700,2019
23,352600,384200,2019
24,333000,374500,2019
25,313900,365900,2019
26,295300,356100,2019
27,278800,344000,2019
28,264900,328500,2019
29,252900,310600,2019
30,242100,292200,2019
31,231700,275000,2019
32,221500,259400,2019
33,211400,246000,2019
34,201300,234300,2019
35,191900,223400,2019
36,183100,212500,2019
37,174700,202000,2019
38,166400,191600,2019
39,158400,181500,2019
40,150700,171800,2019
41,143500,162700,2019
42,137400,154700,2019
43,132700,148100,2019
44,129100,142500,2019
45,126200,137900,2019
46,123100,133200,2019
47,118700,127300,2019
48,112300,119400,2019
49,104600,110300,2019
50,96200,100400,2019
51,88600,91500,2019
52,82600,85700,2019
53,78900,83700,2019
54,76900,84500,2019
55,75700,86900,2019
56,73900,88200,2019
57,70600,86300,2019
58,65000,79700,2019
59,57800,69900,2019
60,50000,59000,2019
61,43200,49700,2019
62,38400,43400,2019
63,36100,41500,2019
64,35700,42600,2019
65,36100,44900,2019
66,36000,46200,2019
67,35000,45800,2019
68,32700,42800,2019
69,29600,38100,2019
70,26200,32800,2019
71,23400,28600,2019
72,21200,25700,2019
73,20000,24900,2019
74,19400,25400,2019
75,19100,26500,2019
76,18600,27000,2019
77,17400,25900,2019
78,15400,22600,2019
79,12900,18200,2019
80+,82200,116600,2019
0,763400,744200,2020
1,739200,720900,2020
2,720200,702000,2020
3,702300,684500,2020
4,685000,667600,2020
5,668300,651400,2020
6,658100,608800,2020
7,622100,580100,2020
8,605000,565500,2020
9,596900,558000,2020
10,591100,552700,2020
11,583300,552900,2020
12,569400,542600,2020
13,555700,532800,2020
14,542800,523900,2020
15,530300,515800,2020
16,517600,507800,2020
17,503300,498500,2020
18,486200,486200,2020
19,465300,470100,2020
20,441900,451500,2020
21,417900,431400,2020
22,394600,412200,2020
23,372200,395700,2020
24,351300,383200,2020
25,331800,373500,2020
26,312700,364900,2020
27,294200,355000,2020
28,277700,343000,2020
29,263800,327500,2020
30,251900,309600,2020
31,241100,291200,2020
32,230700,274000,2020
33,220500,258400,2020
34,210400,245000,2020
35,200300,233400,2020
36,190900,222500,2020
37,182200,211600,2020
38,173700,201100,2020
39,165500,190700,2020
40,157500,180600,2020
41,149800,170900,2020
42,142600,161800,2020
43,136500,153800,2020
44,131800,147200,2020
45,128200,141600,2020
46,125300,137000,2020
47,122200,132400,2020
48,117800,126500,2020
49,111400,118600,2020
50,103600,109500,2020
51,95200,99600,2020
52,87600,90800,2020
53,81700,84900,2020
54,78000,83000,2020
55,75900,83700,2020
56,74700,86000,2020
57,72900,87200,2020
58,69600,85300,2020
59,64000,78700,2020
60,56800,69000,2020
61,49100,58100,2020
62,42400,48900,2020
63,37500,42600,2020
64,35300,40700,2020
65,34800,41700,2020
66,35100,43900,2020
67,34900,45000,2020
68,33900,44500,2020
69,31600,41500,2020
70,28400,36800,2020
71,25100,31600,2020
72,22300,27400,2020
73,20200,24600,2020
74,18900,23700,2020
75,18200,24000,2020
76,17800,24900,2020
77,17200,25200,2020
78,16000,24000,2020
79,14000,20800,2020
80+,81200,116100,2020
0,777400,757900,2021
1,752900,734300,2021
2,734400,715900,2021
3,716900,698800,2021
4,699800,682100,2021
5,683000,665800,2021
6,666600,649900,2021
7,656600,607600,2021
8,620900,579000,2021
9,603900,564600,2021
10,595900,557200,2021
11,590300,551900,2021
12,582500,552100,2021
13,568600,541900,2021
14,554900,532000,2021
15,541800,523100,2021
16,529300,515000,2021
17,516400,506900,2021
18,502100,497600,2021
19,484900,485300,2021
20,464000,469100,2021
21,440500,450500,2021
22,416500,430400,2021
23,393300,411200,2021
24,370900,394700,2021
25,350100,382200,2021
26,330600,372400,2021
27,311600,363800,2021
28,293100,354000,2021
29,276700,341900,2021
30,262800,326400,2021
31,250900,308500,2021
32,240100,290200,2021
33,229700,273000,2021
34,219500,257400,2021
35,209400,244100,2021
36,199300,232500,2021
37,189900,221500,2021
38,181200,210700,2021
39,172800,200100,2021
40,164500,189800,2021
41,156600,179700,2021
42,148900,170000,2021
43,141700,160900,2021
44,135600,153000,2021
45,130900,146400,2021
46,127300,140800,2021
47,124400,136200,2021
48,121200,131600,2021
49,116800,125600,2021
50,110300,117700,2021
51,102600,108600,2021
52,94200,98700,2021
53,86700,90000,2021
54,80700,84100,2021
55,77100,82200,2021
56,75000,82900,2021
57,73700,85100,2021
58,71900,86300,2021
59,68500,84200,2021
60,62900,77700,2021
61,55800,68000,2021
62,48200,57200,2021
63,41500,48000,2021
64,36700,41800,2021
65,34400,39800,2021
66,33900,40800,2021
67,34100,42800,2021
68,33800,43800,2021
69,32700,43200,2021
70,30400,40100,2021
71,27200,35500,2021
72,24000,30400,2021
73,21200,26200,2021
74,19100,23400,2021
75,17800,22400,2021
76,17000,22600,2021
77,16600,23300,2021
78,15900,23400,2021
79,14600,22100,2021
80+,80200,117500,2021
0,790700,770900,2022
1,767200,748200,2022
2,748200,729500,2022
3,731200,712700,2022
4,714400,696400,2022
5,697800,680300,2022
6,681300,664300,2022
7,665200,648700,2022
8,655400,606600,2022
9,619800,578100,2022
10,603000,563800,2022
11,595100,556500,2022
12,589500,551200,2022
13,581700,551400,2022
14,567700,541100,2022
15,553900,531200,2022
16,540800,522200,2022
17,528100,514100,2022
18,515200,506000,2022
19,500800,496600,2022
20,483500,484300,2022
21,462500,468100,2022
22,439100,449500,2022
23,415100,429400,2022
24,391900,410200,2022
25,369600,393700,2022
26,348900,381100,2022
27,329400,371300,2022
28,310400,362700,2022
29,292000,352900,2022
30,275600,340800,2022
31,261700,325300,2022
32,249800,307500,2022
33,239000,289100,2022
34,228600,272000,2022
35,218500,256400,2022
36,208400,243100,2022
37,198300,231500,2022
38,188900,220600,2022
39,180200,209700,2022
40,171800,199200,2022
41,163500,188800,2022
42,155600,178700,2022
43,147900,169000,2022
44,140700,160000,2022
45,134700,152100,2022
46,130000,145500,2022
47,126300,139900,2022
48,123400,135300,2022
49,120200,130700,2022
50,115700,124700,2022
51,109300,116800,2022
52,101500,107700,2022
53,93200,97900,2022
54,85700,89100,2022
55,79800,83300,2022
56,76100,81300,2022
57,74000,82000,2022
58,72700,84200,2022
59,70800,85200,2022
60,67400,83100,2022
61,61800,76600,2022
62,54700,67000,2022
63,47100,56300,2022
64,40500,47100,2022
65,35800,41000,2022
66,33500,39000,2022
67,32900,39800,2022
68,33000,41700,2022
69,32600,42500,2022
70,31500,41800,2022
71,29100,38700,2022
72,26000,34000,2022
73,22800,29000,2022
74,20100,24900,2022
75,17900,22100,2022
76,16600,21100,2022
77,15800,21100,2022
78,15200,21600,2022
79,14500,21600,2022
80+,81700,120600,2022
0,803100,783000,2023
1,780700,761500,2023
2,762700,743600,2023
3,745100,726400,2023
4,728700,710500,2023
5,712400,694600,2023
6,696100,678900,2023
7,679900,663100,2023
8,663900,647700,2023
9,654300,605700,2023
10,618900,577400,2023
11,602200,563100,2023
12,594300,555800,2023
13,588700,550500,2023
14,580900,550700,2023
15,566800,540300,2023
16,552900,530400,2023
17,539600,521400,2023
18,526900,513200,2023
19,513900,505100,2023
20,499300,495700,2023
21,482000,483300,2023
22,461000,467100,2023
23,437600,448400,2023
24,413700,428300,2023
25,390600,409100,2023
26,368400,392600,2023
27,347600,380100,2023
28,328300,370200,2023
29,309300,361600,2023
30,290900,351800,2023
31,274500,339600,2023
32,260600,324200,2023
33,248700,306400,2023
34,238000,288100,2023
35,227600,271000,2023
36,217500,255400,2023
37,207300,242100,2023
38,197300,230500,2023
39,187900,219600,2023
40,179200,208700,2023
41,170800,198200,2023
42,162600,187800,2023
43,154600,177700,2023
44,147000,168100,2023
45,139800,159100,2023
46,133700,151200,2023
47,129100,144600,2023
48,125400,139100,2023
49,122400,134400,2023
50,119200,129700,2023
51,114600,123700,2023
52,108100,115800,2023
53,100400,106800,2023
54,92100,97000,2023
55,84700,88300,2023
56,78800,82500,2023
57,75100,80500,2023
58,73000,81100,2023
59,71600,83200,2023
60,69700,84100,2023
61,66200,81900,2023
62,60600,75400,2023
63,53600,65800,2023
64,46100,55200,2023
65,39500,46200,2023
66,34800,40100,2023
67,32500,38000,2023
68,31900,38800,2023
69,31900,40500,2023
70,31400,41100,2023
71,30200,40300,2023
72,27800,37100,2023
73,24700,32600,2023
74,21500,27600,2023
75,18900,23600,2023
76,16800,20800,2023
77,15400,19700,2023
78,14600,19600,2023
79,13900,19900,2023
80+,81600,122300,2023
0,794000,1608300,2024
1,773900,1567100,2024
2,757000,1533200,2024
3,740600,1500100,2024
4,724100,1466700,2024
5,708700,1435500,2024
6,693300,1404100,2024
7,677700,1372400,2024
8,662100,1340800,2024
9,646800,1309700,2024
10,605000,1258400,2024
11,576700,1194800,2024
12,562400,1163900,2024
13,555100,1148700,2024
14,549800,1137700,2024
15,549900,1129800,2024
16,539500,1105200,2024
17,529600,1081300,2024
18,520500,1058800,2024
19,512300,1037800,2024
20,504100,1016500,2024
21,494600,992400,2024
22,482200,962700,2024
23,466000,925500,2024
24,447400,883600,2024
25,427300,839600,2024
26,408100,797400,2024
27,391500,758600,2024
28,379000,725400,2024
29,369100,696200,2024
30,360500,668600,2024
31,350600,640300,2024
32,338500,611900,2024
33,323100,582700,2024
34,305300,553000,2024
35,287000,523900,2024
36,269900,496400,2024
37,254400,470800,2024
38,241000,447300,2024
39,229500,425800,2024
40,218500,405400,2024
41,207600,385800,2024
42,197100,366800,2024
43,186800,348300,2024
44,176700,330300,2024
45,167100,313100,2024
46,158100,296900,2024
47,150300,283100,2024
48,143700,271800,2024
49,138100,262500,2024
50,133500,254800,2024
51,128700,246700,2024
52,122700,236100,2024
53,114800,221800,2024
54,105800,205100,2024
55,96100,187200,2024
56,87400,171000,2024
57,81600,159400,2024
58,79600,153700,2024
59,80100,152000,2024
60,82100,152600,2024
61,82900,151400,2024
62,80700,145700,2024
63,74100,133400,2024
64,64600,117000,2024
65,54100,99100,2024
66,45200,83700,2024
67,39100,72900,2024
68,37000,68500,2024
69,37600,68400,2024
70,39200,69900,2024
71,39700,69800,2024
72,38700,67500,2024
73,35500,62000,2024
74,31000,54400,2024
75,26200,46500,2024
76,22200,39800,2024
77,19500,35100,2024
78,18300,32500,2024
79,18100,31400,2024
80+,123100,204600,2024
0,824100,803700,2025
1,804600,785100,2025
2,788800,769500,2025
3,773100,754100,2025
4,757200,738400,2025
5,740700,722500,2025
6,725200,707400,2025
7,709400,692100,2025
8,693500,676700,2025
9,677600,661300,2025
10,662000,646000,2025
11,652700,604300,2025
12,617400,576100,2025
13,600800,561800,2025
14,592800,554400,2025
15,587000,549000,2025
16,578800,549100,2025
17,564500,538700,2025
18,550400,528700,2025
19,537000,519600,2025
20,524000,511300,2025
21,510900,503100,2025
22,496300,493600,2025
23,479000,481200,2025
24,458000,464900,2025
25,434700,446300,2025
26,410900,426200,2025
27,388000,407000,2025
28,365800,390400,2025
29,345200,377900,2025
30,325900,368000,2025
31,306900,359400,2025
32,288600,349500,2025
33,272300,337400,2025
34,258500,322000,2025
35,246600,304200,2025
36,235800,285900,2025
37,225400,268900,2025
38,215300,253300,2025
39,205200,240000,2025
40,195200,228400,2025
41,185800,217500,2025
42,177100,206600,2025
43,168700,196100,2025
44,160500,185800,2025
45,152600,175800,2025
46,145000,166200,2025
47,137900,157200,2025
48,131800,149300,2025
49,127100,142800,2025
50,123300,137100,2025
51,120200,132400,2025
52,116800,127700,2025
53,112200,121700,2025
54,105800,113800,2025
55,98100,104800,2025
56,90000,95100,2025
57,82600,86500,2025
58,76700,80700,2025
59,73000,78700,2025
60,70700,79100,2025
61,69200,80900,2025
62,67200,81700,2025
63,63600,79400,2025
64,58000,72800,2025
65,51100,63400,2025
66,43800,52900,2025
67,37400,44100,2025
68,32700,38100,2025
69,30400,35900,2025
70,29600,36400,2025
71,29400,37800,2025
72,28800,38100,2025
73,27400,37000,2025
74,25100,33800,2025
75,22000,29400,2025
76,19000,24700,2025
77,16400,20800,2025
78,14400,18100,2025
79,13000,16900,2025
80+,81200,121100,2025
0,832500,811900,2026
1,814600,795100,2026
2,800300,780900,2026
3,785800,766700,2026
4,770800,752000,2026
5,755300,736800,2026
6,739100,721200,2026
7,723800,706300,2026
8,708200,691200,2026
9,692500,675900,2026
10,676700,660500,2026
11,661200,645300,2026
12,652000,603700,2026
13,616700,575500,2026
14,600000,561200,2026
15,591800,553700,2026
16,585900,548300,2026
17,577600,548300,2026
18,563200,537800,2026
19,549000,527800,2026
20,535500,518600,2026
21,522500,510300,2026
22,509300,502100,2026
23,494700,492500,2026
24,477400,480100,2026
25,456500,463800,2026
26,433300,445200,2026
27,409600,425100,2026
28,386600,405900,2026
29,364600,389300,2026
30,343900,376800,2026
31,324700,366900,2026
32,305800,358200,2026
33,287400,348400,2026
34,271200,336300,2026
35,257400,320800,2026
36,245500,303100,2026
37,234700,284800,2026
38,224300,267800,2026
39,214300,252200,2026
40,204100,238900,2026
41,194100,227300,2026
42,184700,216400,2026
43,176100,205500,2026
44,167700,195000,2026
45,159500,184700,2026
46,151600,174800,2026
47,144000,165200,2026
48,136800,156200,2026
49,130700,148400,2026
50,126000,141800,2026
51,122100,136100,2026
52,119000,131400,2026
53,115600,126600,2026
54,111000,120600,2026
55,104600,112800,2026
56,97000,103800,2026
57,88800,94200,2026
58,81500,85600,2026
59,75600,79800,2026
60,71900,77700,2026
61,69500,78000,2026
62,67900,79700,2026
63,65800,80300,2026
64,62200,77900,2026
65,56600,71300,2026
66,49800,62000,2026
67,42500,51700,2026
68,36200,43000,2026
69,31600,37000,2026
70,29300,34800,2026
71,28400,35100,2026
72,28200,36300,2026
73,27400,36500,2026
74,26000,35300,2026
75,23600,32100,2026
76,20600,27700,2026
77,17600,23100,2026
78,15100,19400,2026
79,13200,16700,2026
80+,80500,118600,2026
0,839400,818700,2027
1,823100,803600,2027
2,810400,791000,2027
3,797300,778200,2027
4,783500,764600,2027
5,768900,750400,2027
6,753700,735500,2027
7,737700,720100,2027
8,722600,705400,2027
9,707100,690300,2027
10,691600,675100,2027
11,676000,659800,2027
12,660500,644700,2027
13,651300,603100,2027
14,616000,574800,2027
15,599100,560500,2027
16,590800,552900,2027
17,584700,547500,2027
18,576400,547400,2027
19,561800,536900,2027
20,547600,526800,2027
21,533900,517600,2027
22,520900,509300,2027
23,507700,501000,2027
24,493100,491400,2027
25,475900,478900,2027
26,455100,462700,2027
27,431900,444000,2027
28,408200,423900,2027
29,385300,404800,2027
30,363300,388200,2027
31,342700,375700,2027
32,323400,365800,2027
33,304600,357100,2027
34,286300,347200,2027
35,270000,335100,2027
36,256200,319700,2027
37,244400,301900,2027
38,233600,283700,2027
39,223200,266700,2027
40,213100,251100,2027
41,203000,237800,2027
42,193000,226200,2027
43,183700,215200,2027
44,175000,204400,2027
45,166600,193900,2027
46,158500,183700,2027
47,150600,173800,2027
48,143000,164200,2027
49,135800,155200,2027
50,129600,147400,2027
51,124800,140700,2027
52,120900,135000,2027
53,117700,130300,2027
54,114300,125500,2027
55,109700,119500,2027
56,103300,111700,2027
57,95800,102800,2027
58,87700,93200,2027
59,80300,84600,2027
60,74400,78800,2027
61,70600,76600,2027
62,68200,76900,2027
63,66600,78400,2027
64,64300,78900,2027
65,60700,76400,2027
66,55100,69800,2027
67,48400,60500,2027
68,41200,50400,2027
69,35000,41700,2027
70,30500,35800,2027
71,28100,33600,2027
72,27200,33800,2027
73,26800,34800,2027
74,26000,34800,2027
75,24500,33500,2027
76,22100,30300,2027
77,19200,26000,2027
78,16300,21500,2027
79,13900,17900,2027
80+,80300,117200,2027
0,845000,824100,2028
1,830300,810700,2028
2,819100,799700,2028
3,807500,788400,2028
4,795100,776200,2028
5,781600,763100,2028
6,767400,749200,2028
7,752300,734500,2028
8,736600,719200,2028
9,721500,704500,2028
10,706300,689600,2028
11,690800,674500,2028
12,675300,659200,2028
13,659900,644100,2028
14,650500,602500,2028
15,615100,574200,2028
16,598100,559700,2028
17,589600,552200,2028
18,583400,546600,2028
19,575000,546500,2028
20,560400,536000,2028
21,546000,525800,2028
22,532300,516600,2028
23,519300,508300,2028
24,506100,499900,2028
25,491600,490300,2028
26,474400,477800,2028
27,453600,461500,2028
28,430500,442800,2028
29,406800,422800,2028
30,384000,403600,2028
31,362000,387100,2028
32,341400,374600,2028
33,322200,364700,2028
34,303400,356000,2028
35,285100,346100,2028
36,268900,333900,2028
37,255100,318500,2028
38,243200,300800,2028
39,232500,282500,2028
40,222100,265500,2028
41,212000,250000,2028
42,201900,236600,2028
43,191900,225000,2028
44,182600,214100,2028
45,173900,203300,2028
46,165600,192900,2028
47,157400,182700,2028
48,149500,172700,2028
49,141900,163200,2028
50,134600,154200,2028
51,128500,146300,2028
52,123600,139600,2028
53,119700,133900,2028
54,116500,129200,2028
55,113100,124400,2028
56,108400,118400,2028
57,102100,110600,2028
58,94500,101700,2028
59,86400,92100,2028
60,79100,83600,2028
61,73200,77700,2028
62,69300,75500,2028
63,66900,75600,2028
64,65100,77100,2028
65,62800,77400,2028
66,59200,74800,2028
67,53600,68200,2028
68,46900,59000,2028
69,39800,48900,2028
70,33700,40400,2028
71,29300,34600,2028
72,26900,32300,2028
73,25900,32400,2028
74,25400,33200,2028
75,24500,33000,2028
76,22900,31600,2028
77,20600,28400,2028
78,17700,24200,2028
79,14900,19900,2028
80+,80100,116600,2028
0,849300,828400,2029
1,836100,816500,2029
2,826400,807000,2029
3,816200,797200,2029
4,805300,786500,2029
5,793200,774800,2029
6,780100,762000,2029
7,766000,748200,2029
8,751200,733600,2029
9,735500,718400,2029
10,720700,703800,2029
11,705500,689000,2029
12,690100,673900,2029
13,674600,658600,2029
14,659100,643500,2029
15,649600,601900,2029
16,614100,573500,2029
17,596900,559000,2029
18,588400,551300,2029
19,582100,545800,2029
20,573500,545600,2029
21,558800,535000,2029
22,544400,524800,2029
23,530700,515600,2029
24,517700,507200,2029
25,504600,498800,2029
26,490100,489100,2029
27,472900,476600,2029
28,452100,460400,2029
29,429100,441700,2029
30,405500,421600,2029
31,382600,402500,2029
32,360700,386000,2029
33,340200,373500,2029
34,321000,363600,2029
35,302100,354800,2029
36,283900,344900,2029
37,267700,332800,2029
38,253900,317300,2029
39,242100,299600,2029
40,231300,281400,2029
41,221000,264300,2029
42,210900,248800,2029
43,200800,235400,2029
44,190800,223900,2029
45,181500,213000,2029
46,172800,202200,2029
47,164500,191800,2029
48,156300,181600,2029
49,148400,171700,2029
50,140700,162100,2029
51,133400,153100,2029
52,127200,145200,2029
53,122400,138500,2029
54,118400,132800,2029
55,115200,128000,2029
56,111800,123300,2029
57,107100,117300,2029
58,100800,109500,2029
59,93200,100600,2029
60,85100,91000,2029
61,77700,82500,2029
62,71800,76600,2029
63,68000,74300,2029
64,65400,74300,2029
65,63600,75600,2029
66,61200,75800,2029
67,57500,73100,2029
68,52000,66500,2029
69,45300,57300,2029
70,38400,47400,2029
71,32400,39100,2029
72,28000,33300,2029
73,25600,31000,2029
74,24600,30900,2029
75,24000,31500,2029
76,22900,31200,2029
77,21400,29600,2029
78,19000,26500,2029
79,16200,22400,2029
80+,81500,117100,2029
0,852100,831200,2030
1,840700,821100,2030
2,832300,813000,2030
3,823600,804600,2030
4,814100,795400,2030
5,803500,785100,2030
6,791700,773700,2030
7,778800,761000,2030
8,764900,747300,2030
9,750100,732900,2030
10,734700,717700,2030
11,719900,703200,2030
12,704800,688400,2030
13,689500,673300,2030
14,673800,658000,2030
15,658200,642800,2030
16,648600,601200,2030
17,612900,572700,2030
18,595700,558200,2030
19,587000,550500,2030
20,580600,544900,2030
21,571900,544700,2030
22,557200,534000,2030
23,542800,523800,2030
24,529100,514500,2030
25,516200,506100,2030
26,503000,497600,2030
27,488600,488000,2030
28,471400,475400,2030
29,450700,459200,2030
30,427600,440500,2030
31,404100,420500,2030
32,381300,401400,2030
33,359400,384900,2030
34,338900,372400,2030
35,319700,362400,2030
36,300900,353700,2030
37,282700,343700,2030
38,266500,331600,2030
39,252800,316100,2030
40,240900,298400,2030
41,230200,280100,2030
42,219800,263100,2030
43,209700,247600,2030
44,199600,234300,2030
45,189700,222700,2030
46,180400,211900,2030
47,171700,201100,2030
48,163400,190700,2030
49,155200,180500,2030
50,147200,170500,2030
51,139500,160900,2030
52,132200,151900,2030
53,126000,144000,2030
54,121100,137400,2030
55,117100,131700,2030
56,113900,126900,2030
57,110400,122100,2030
58,105800,116100,2030
59,99400,108300,2030
60,91800,99400,2030
61,83700,89800,2030
62,76300,81300,2030
63,70400,75400,2030
64,66500,73000,2030
65,63900,72900,2030
66,62000,74000,2030
67,59500,74000,2030
68,55800,71200,2030
69,50300,64600,2030
70,43700,55600,2030
71,36900,45800,2030
72,31000,37600,2030
73,26700,31900,2030
74,24300,29600,2030
75,23200,29300,2030
76,22500,29700,2030
77,21400,29300,2030
78,19700,27600,2030
79,17400,24500,2030
80+,83500,121000,2030
0,856300,835200,2031
1,843800,824200,2031
2,837000,817700,2031
3,829600,810700,2031
4,821500,802900,2031
5,812300,794000,2031
6,802000,784000,2031
7,790400,772700,2031
8,777600,760200,2031
9,763900,746600,2031
10,749300,732200,2031
11,733900,717100,2031
12,719200,702600,2031
13,704100,687800,2031
14,688700,672700,2031
15,673000,657400,2031
16,657200,642100,2031
17,647500,600500,2031
18,611700,571900,2031
19,594400,557400,2031
20,585600,549600,2031
21,579000,543900,2031
22,570300,543600,2031
23,555500,532900,2031
24,541200,522700,2031
25,527600,513400,2031
26,514600,504900,2031
27,501500,496500,2031
28,487000,486800,2031
29,469900,474200,2031
30,449200,458000,2031
31,426200,439300,2031
32,402700,419300,2031
33,379900,400200,2031
34,358000,383800,2031
35,337600,371200,2031
36,318400,361300,2031
37,299700,352500,2031
38,281500,342500,2031
39,265300,330400,2031
40,251600,314900,2031
41,239700,297100,2031
42,229000,278900,2031
43,218600,261900,2031
44,208500,246400,2031
45,198500,233100,2031
46,188600,221600,2031
47,179200,210800,2031
48,170600,200000,2031
49,162200,189600,2031
50,153900,179300,2031
51,145900,169300,2031
52,138200,159700,2031
53,130900,150700,2031
54,124700,142800,2031
55,119800,136200,2031
56,115800,130500,2031
57,112600,125700,2031
58,109000,120900,2031
59,104300,114800,2031
60,97900,107000,2031
61,90300,98100,2031
62,82200,88500,2031
63,74800,80000,2031
64,68900,74100,2031
65,65000,71600,2031
66,62300,71400,2031
67,60300,72300,2031
68,57700,72200,2031
69,53900,69300,2031
70,48500,62700,2031
71,42000,53700,2031
72,35300,44100,2031
73,29600,36000,2031
74,25300,30500,2031
75,22900,28100,2031
76,21700,27700,2031
77,20900,27900,2031
78,19800,27300,2031
79,18100,25600,2031
80+,86800,126400,2031
0,858400,837300,2032
1,848200,828400,2032
2,840200,820900,2032
3,834400,815500,2032
4,827500,809000,2032
5,819800,801500,2032
6,810900,793000,2032
7,800700,783100,2032
8,789300,771900,2032
9,776600,759400,2032
10,763000,745900,2032
11,748600,731600,2032
12,733300,716500,2032
13,718600,702100,2032
14,703400,687200,2032
15,687800,672000,2032
16,671900,656600,2032
17,656100,641300,2032
18,646200,599700,2032
19,610300,571100,2032
20,592900,556500,2032
21,584000,548700,2032
22,577400,542900,2032
23,568600,542600,2032
24,553900,531900,2032
25,539600,521600,2032
26,526000,512200,2032
27,513100,503700,2032
28,500000,495300,2032
29,485500,485600,2032
30,468400,473000,2032
31,447700,456800,2032
32,424700,438200,2032
33,401200,418200,2032
34,378600,399100,2032
35,356700,382600,2032
36,336300,370100,2032
37,317100,360100,2032
38,298400,351300,2032
39,280300,341300,2032
40,264100,329100,2032
41,250400,313600,2032
42,238500,295800,2032
43,227800,277600,2032
44,217400,260600,2032
45,207400,245200,2032
46,197300,232000,2032
47,187400,220500,2032
48,178100,209600,2032
49,169400,198900,2032
50,160900,188400,2032
51,152600,178100,2032
52,144600,168100,2032
53,136800,158500,2032
54,129500,149500,2032
55,123300,141600,2032
56,118500,135000,2032
57,114500,129300,2032
58,111200,124500,2032
59,107600,119600,2032
60,102800,113500,2032
61,96300,105600,2032
62,88700,96700,2032
63,80600,87200,2032
64,73300,78700,2032
65,67300,72800,2032
66,63300,70200,2032
67,60600,69800,2032
68,58500,70600,2032
69,55800,70200,2032
70,52000,67200,2032
71,46600,60600,2032
72,40200,51700,2032
73,33700,42300,2032
74,28100,34400,2032
75,23900,29000,2032
76,21500,26500,2032
77,20300,26100,2032
78,19400,26100,2032
79,18100,25300,2032
80+,90000,131400,2032
0,858900,837700,2033
1,850600,830700,2033
2,844800,825200,2033
3,837700,818700,2033
4,832400,813800,2033
5,825900,807700,2033
6,818400,800500,2033
7,809600,792100,2033
8,799600,782300,2033
9,788300,771200,2033
10,775800,758800,2033
11,762300,745300,2033
12,747900,731000,2033
13,732600,715900,2033
14,717800,701500,2033
15,702500,686500,2033
16,686800,671300,2033
17,670800,655900,2033
18,654800,640500,2033
19,644800,598900,2033
20,608900,570300,2033
21,591400,555600,2033
22,582400,547700,2033
23,575800,541900,2033
24,567000,541500,2033
25,552300,530800,2033
26,538000,520500,2033
27,524400,511100,2033
28,511500,502600,2033
29,498400,494100,2033
30,484000,484300,2033
31,466900,471800,2033
32,446200,455600,2033
33,423300,437000,2033
34,399800,417000,2033
35,377100,397900,2033
36,355300,381500,2033
37,334900,368900,2033
38,315800,358900,2033
39,297100,350100,2033
40,279000,340000,2033
41,262900,327800,2033
42,249100,312300,2033
43,237300,294500,2033
44,226500,276300,2033
45,216200,259400,2033
46,206200,244000,2033
47,196100,230800,2033
48,186200,219300,2033
49,176800,208400,2033
50,168100,197600,2033
51,159600,187100,2033
52,151200,176800,2033
53,143200,166800,2033
54,135500,157200,2033
55,128200,148300,2033
56,122000,140400,2033
57,117100,133800,2033
58,113100,128000,2033
59,109700,123200,2033
60,106000,118200,2033
61,101100,112100,2033
62,94600,104200,2033
63,87000,95300,2033
64,78900,85700,2033
65,71600,77300,2033
66,65700,71300,2033
67,61600,68700,2033
68,58800,68100,2033
69,56600,68700,2033
70,53900,68100,2033
71,50000,65000,2033
72,44600,58400,2033
73,38400,49700,2033
74,32000,40500,2033
75,26500,32800,2033
76,22400,27400,2033
77,20000,25000,2033
78,18700,24300,2033
79,17800,24200,2033
80+,93100,135500,2033
0,858400,837200,2034
1,851400,831300,2034
2,847300,827600,2034
3,842300,823100,2034
4,835800,817100,2034
5,830800,812500,2034
6,824500,806700,2034
7,817100,799600,2034
8,808500,791300,2034
9,798700,781600,2034
10,787500,770500,2034
11,775100,758200,2034
12,761600,744700,2034
13,747200,730400,2034
14,731800,715400,2034
15,716900,700800,2034
16,701500,685800,2034
17,685600,670600,2034
18,669500,655100,2034
19,653400,639700,2034
20,643400,598000,2034
21,607400,569400,2034
22,589800,554700,2034
23,580800,546700,2034
24,574100,540900,2034
25,565400,540500,2034
26,550800,529600,2034
27,536500,519300,2034
28,522900,509900,2034
29,510000,501400,2034
30,496900,492900,2034
31,482400,483100,2034
32,465300,470600,2034
33,444700,454400,2034
34,421800,435800,2034
35,398400,415800,2034
36,375700,396800,2034
37,353900,380300,2034
38,333600,367700,2034
39,314500,357700,2034
40,295800,348800,2034
41,277700,338700,2034
42,261600,326400,2034
43,247900,310900,2034
44,236000,293200,2034
45,225300,275000,2034
46,215000,258200,2034
47,205000,242800,2034
48,194900,229600,2034
49,184900,218000,2034
50,175500,207200,2034
51,166700,196300,2034
52,158100,185800,2034
53,149800,175500,2034
54,141800,165500,2034
55,134100,156000,2034
56,126800,147000,2034
57,120600,139100,2034
58,115700,132500,2034
59,111600,126700,2034
60,108100,121800,2034
61,104300,116700,2034
62,99400,110500,2034
63,92800,102600,2034
64,85200,93700,2034
65,77100,84200,2034
66,69800,75700,2034
67,63900,69800,2034
68,59800,67000,2034
69,56900,66300,2034
70,54600,66700,2034
71,51800,65900,2034
72,47900,62700,2034
73,42600,56100,2034
74,36400,47500,2034
75,30200,38500,2034
76,24900,31000,2034
77,20900,25800,2034
78,18600,23300,2034
79,17200,22600,2034
80+,95100,138500,2034
0,857600,836400,2035
1,851100,831000,2035
2,848200,828300,2035
3,845000,825500,2035
4,840400,821500,2035
5,834200,815800,2035
6,829400,811500,2035
7,823300,805800,2035
8,816100,798800,2035
9,807600,790600,2035
10,797900,781000,2035
11,786800,769900,2035
12,774400,757600,2035
13,760900,744200,2035
14,746500,729900,2035
15,730900,714700,2035
16,715900,700100,2035
17,700300,685000,2035
18,684400,669700,2035
19,668100,654200,2035
20,652000,638800,2035
21,641800,597100,2035
22,605800,568400,2035
23,588200,553700,2035
24,579200,545700,2035
25,572600,539800,2035
26,563800,539300,2035
27,549200,528500,2035
28,534900,518100,2035
29,521300,508700,2035
30,508400,500100,2035
31,495300,491700,2035
32,480800,481900,2035
33,463800,469400,2035
34,443200,453200,2035
35,420300,434600,2035
36,396900,414600,2035
37,374300,395600,2035
38,352500,379100,2035
39,332200,366500,2035
40,313100,356400,2035
41,294500,347500,2035
42,276400,337300,2035
43,260300,325000,2035
44,246600,309500,2035
45,234800,291900,2035
46,224100,273800,2035
47,213800,256900,2035
48,203700,241500,2035
49,193600,228300,2035
50,183500,216700,2035
51,174000,205800,2035
52,165200,194900,2035
53,156700,184400,2035
54,148300,174200,2035
55,140300,164200,2035
56,132600,154700,2035
57,125400,145700,2035
58,119200,137800,2035
59,114200,131100,2035
60,110000,125300,2035
61,106400,120300,2035
62,102500,115200,2035
63,97500,108900,2035
64,90900,101000,2035
65,83300,92100,2035
66,75200,82600,2035
67,68000,74100,2035
68,62000,68100,2035
69,57900,65300,2035
70,54900,64400,2035
71,52500,64500,2035
72,49700,63600,2035
73,45800,60200,2035
74,40400,53600,2035
75,34400,45200,2035
76,28400,36500,2035
77,23200,29200,2035
78,19400,24100,2035
79,17100,21700,2035
80+,96500,140000,2035
0,856100,834900,2036
1,850600,830400,2036
2,848100,828000,2036
3,845900,826300,2036
4,843200,824000,2036
5,838900,820300,2036
6,832900,814900,2036
7,828300,810700,2036
8,822300,805000,2036
9,815100,798100,2036
10,806800,789900,2036
11,797200,780400,2036
12,786100,769400,2036
13,773700,757000,2036
14,760200,743600,2036
15,745600,729200,2036
16,729900,714000,2036
17,714700,699300,2036
18,699000,684200,2036
19,683000,668900,2036
20,666700,653300,2036
21,650400,637800,2036
22,640200,596100,2036
23,604200,567400,2036
24,586600,552700,2036
25,577600,544600,2036
26,571000,538700,2036
27,562300,538200,2036
28,547600,527300,2036
29,533300,516900,2036
30,519800,507500,2036
31,506800,498900,2036
32,493700,490400,2036
33,479300,480700,2036
34,462200,468200,2036
35,441600,451900,2036
36,418700,433300,2036
37,395400,413400,2036
38,372900,394400,2036
39,351100,377900,2036
40,330800,365300,2036
41,311700,355100,2036
42,293100,346100,2036
43,275100,335900,2036
44,259000,323600,2036
45,245400,308200,2036
46,233500,290500,2036
47,222800,272500,2036
48,212400,255600,2036
49,202300,240200,2036
50,192100,227000,2036
51,182100,215400,2036
52,172500,204400,2036
53,163700,193500,2036
54,155100,183000,2036
55,146800,172800,2036
56,138900,162800,2036
57,131200,153300,2036
58,123900,144400,2036
59,117600,136400,2036
60,112600,129700,2036
61,108300,123800,2036
62,104600,118700,2036
63,100600,113500,2036
64,95500,107200,2036
65,88900,99200,2036
66,81300,90300,2036
67,73200,80800,2036
68,66000,72400,2036
69,60100,66300,2036
70,55900,63400,2036
71,52900,62400,2036
72,50400,62300,2036
73,47400,61100,2036
74,43500,57600,2036
75,38200,51100,2036
76,32300,42900,2036
77,26500,34400,2036
78,21500,27300,2036
79,17800,22400,2036
80+,97600,140600,2036
0,876900,855200,2037
1,849400,829100,2037
2,847700,827500,2037
3,845900,826100,2037
4,844200,824800,2037
5,841700,822800,2037
6,837700,819300,2037
7,831800,814000,2037
8,827300,810000,2037
9,821400,804400,2037
10,814400,797500,2037
11,806100,789400,2037
12,796500,779800,2037
13,785500,768800,2037
14,773000,756500,2037
15,759300,743000,2037
16,744600,728500,2037
17,728800,713200,2037
18,713400,698500,2037
19,697600,683400,2037
20,681500,668000,2037
21,665100,652300,2037
22,648800,636800,2037
23,638500,595100,2037
24,602600,566400,2037
25,585100,551600,2037
26,576100,543600,2037
27,569400,537600,2037
28,560700,537000,2037
29,546100,526100,2037
30,531800,515700,2037
31,518200,506300,2037
32,505200,497700,2037
33,492100,489200,2037
34,477700,479500,2037
35,460600,466900,2037
36,440000,450700,2037
37,417200,432100,2037
38,393900,412200,2037
39,371400,393100,2037
40,349700,376600,2037
41,329400,363900,2037
42,310300,353700,2037
43,291700,344700,2037
44,273700,334500,2037
45,257700,322300,2037
46,244100,306800,2037
47,232200,289200,2037
48,221500,271100,2037
49,211100,254300,2037
50,200900,238900,2037
51,190600,225600,2037
52,180500,213900,2037
53,171000,203000,2037
54,162100,192100,2037
55,153600,181600,2037
56,145300,171400,2037
57,137300,161400,2037
58,129600,151900,2037
59,122300,142900,2037
60,116000,135000,2037
61,110800,128200,2037
62,106400,122200,2037
63,102600,117000,2037
64,98600,111700,2037
65,93400,105400,2037
66,86700,97300,2037
67,79100,88400,2037
68,71100,78900,2037
69,63900,70500,2037
70,58000,64500,2037
71,53800,61400,2037
72,50700,60200,2037
73,48100,59900,2037
74,45100,58500,2037
75,41100,54900,2037
76,35900,48500,2037
77,30200,40400,2037
78,24500,32200,2037
79,19800,25400,2037
80+,99100,141300,2037
0,873400,851700,2038
1,870300,849400,2038
2,846600,826300,2038
3,845600,825700,2038
4,844200,824700,2038
5,842800,823700,2038
6,840500,821900,2038
7,836600,818500,2038
8,830800,813300,2038
9,826400,809300,2038
10,820600,803800,2038
11,813700,796900,2038
12,805500,788800,2038
13,795900,779300,2038
14,784700,768200,2038
15,772100,755800,2038
16,758300,742300,2038
17,743400,727800,2038
18,727500,712400,2038
19,712000,697600,2038
20,696100,682500,2038
21,679900,667000,2038
22,663400,651300,2038
23,647100,635800,2038
24,636900,594100,2038
25,601000,565400,2038
26,583500,550500,2038
27,574500,542400,2038
28,567900,536400,2038
29,559100,535800,2038
30,544500,524900,2038
31,530200,514500,2038
32,516600,505100,2038
33,503600,496500,2038
34,490500,488000,2038
35,476000,478200,2038
36,459000,465600,2038
37,438400,449400,2038
38,415700,430800,2038
39,392400,410900,2038
40,369900,391800,2038
41,348200,375300,2038
42,327900,362600,2038
43,308900,352300,2038
44,290300,343300,2038
45,272400,333100,2038
46,256400,320900,2038
47,242700,305400,2038
48,230800,287800,2038
49,220000,269700,2038
50,209600,252800,2038
51,199300,237400,2038
52,189000,224100,2038
53,178900,212400,2038
54,169300,201500,2038
55,160500,190600,2038
56,152000,180200,2038
57,143700,169900,2038
58,135700,160000,2038
59,128000,150400,2038
60,120600,141400,2038
61,114200,133400,2038
62,109000,126500,2038
63,104500,120500,2038
64,100600,115200,2038
65,96400,109800,2038
66,91200,103400,2038
67,84500,95300,2038
68,76900,86400,2038
69,68900,76900,2038
70,61800,68500,2038
71,55900,62500,2038
72,51600,59300,2038
73,48400,57900,2038
74,45700,57400,2038
75,42600,55800,2038
76,38600,52100,2038
77,33500,45700,2038
78,28000,37900,2038
79,22600,29900,2038
80+,102500,145600,2038
0,868900,847300,2039
1,867100,846100,2039
2,867600,846700,2039
3,844600,824500,2039
4,844000,824300,2039
5,842900,823600,2039
6,841600,822800,2039
7,839400,821100,2039
8,835600,817800,2039
9,829900,812700,2039
10,825600,808700,2039
11,819900,803200,2039
12,813100,796400,2039
13,804800,788300,2039
14,795100,778700,2039
15,783900,767600,2039
16,771100,755100,2039
17,757100,741500,2039
18,742100,726900,2039
19,726100,711600,2039
20,710500,696700,2039
21,694500,681500,2039
22,678300,666000,2039
23,661800,650300,2039
24,645500,634700,2039
25,635300,593000,2039
26,599500,564300,2039
27,582000,549400,2039
28,573000,541300,2039
29,566300,535300,2039
30,557500,534600,2039
31,542800,523700,2039
32,528500,513300,2039
33,515000,503900,2039
34,502000,495300,2039
35,488900,486700,2039
36,474400,476900,2039
37,457400,464400,2039
38,436800,448100,2039
39,414100,429500,2039
40,390800,409600,2039
41,368300,390500,2039
42,346700,373900,2039
43,326400,361200,2039
44,307400,350900,2039
45,288900,341900,2039
46,271000,331700,2039
47,255000,319400,2039
48,241300,304000,2039
49,229400,286300,2039
50,218500,268200,2039
51,207900,251300,2039
52,197600,235900,2039
53,187300,222500,2039
54,177200,210900,2039
55,167700,199900,2039
56,158900,189100,2039
57,150400,178700,2039
58,142100,168400,2039
59,134000,158400,2039
60,126200,148800,2039
61,118800,139800,2039
62,112300,131700,2039
63,107000,124800,2039
64,102400,118600,2039
65,98400,113300,2039
66,94100,107800,2039
67,88800,101300,2039
68,82100,93200,2039
69,74500,84200,2039
70,66600,74800,2039
71,59500,66400,2039
72,53600,60300,2039
73,49300,57100,2039
74,46100,55500,2039
75,43200,54700,2039
76,40100,53000,2039
77,36100,49200,2039
78,31100,42900,2039
79,25800,35300,2039
80+,107800,153200,2039
0,890000,867800,2040
1,862800,841900,2040
2,864500,843500,2040
3,865700,844900,2040
4,843100,823200,2040
5,842700,823200,2040
6,841800,822700,2040
7,840600,822000,2040
8,838500,820400,2040
9,834800,817200,2040
10,829200,812100,2040
11,825000,808200,2040
12,819300,802700,2040
13,812400,795900,2040
14,804100,787700,2040
15,794300,778100,2040
16,782800,766900,2040
17,769900,754400,2040
18,755800,740700,2040
19,740700,726100,2040
20,724500,710700,2040
21,708900,695800,2040
22,692900,680500,2040
23,676600,665000,2040
24,660100,649200,2040
25,643900,633600,2040
26,633700,591900,2040
27,597900,563200,2040
28,580500,548300,2040
29,571400,540200,2040
30,564700,534100,2040
31,555900,533400,2040
32,541200,522500,2040
33,526900,512100,2040
34,513300,502700,2040
35,500400,494100,2040
36,487200,485500,2040
37,472700,475700,2040
38,455700,463100,2040
39,435200,446800,2040
40,412400,428200,2040
41,389200,408200,2040
42,366800,389100,2040
43,345100,372500,2040
44,324900,359800,2040
45,306000,349500,2040
46,287500,340500,2040
47,269500,330300,2040
48,253500,318000,2040
49,239800,302500,2040
50,227800,284800,2040
51,216800,266600,2040
52,206200,249700,2040
53,195900,234300,2040
54,185600,220900,2040
55,175500,209300,2040
56,166000,198400,2040
57,157200,187600,2040
58,148700,177100,2040
59,140300,166800,2040
60,132200,156800,2040
61,124300,147200,2040
62,116800,138000,2040
63,110300,129900,2040
64,104900,122900,2040
65,100200,116700,2040
66,96100,111200,2040
67,91700,105600,2040
68,86300,99000,2040
69,79600,90900,2040
70,72000,81900,2040
71,64200,72600,2040
72,57100,64200,2040
73,51200,58100,2040
74,46900,54700,2040
75,43600,53000,2040
76,40700,52000,2040
77,37500,50000,2040
78,33500,46200,2040
79,28700,39900,2040
80+,115300,164100,2040
